{
  "No": {
    "precision": 0.909952606635071,
    "recall": 0.7420289855072464,
    "f1-score": 0.817456093666844,
    "support": 1035.0
  },
  "Yes": {
    "precision": 0.5274336283185841,
    "recall": 0.7967914438502673,
    "f1-score": 0.6347177848775293,
    "support": 374.0
  },
  "accuracy": 0.7565649396735273,
  "macro avg": {
    "precision": 0.7186931174768276,
    "recall": 0.7694102146787569,
    "f1-score": 0.7260869392721867,
    "support": 1409.0
  },
  "weighted avg": {
    "precision": 0.8084181155844208,
    "recall": 0.7565649396735273,
    "f1-score": 0.7689506802621573,
    "support": 1409.0
  }
}