{
  "baseline_accuracy": 0.7345635202271115,
  "accuracy": 0.7565649396735273,
  "precision": 0.5274336283185841,
  "recall": 0.7967914438502673,
  "f1_score": 0.6347177848775293,
  "mean_positive_probability": 0.40340977469305805,
  "train_rows": 5634,
  "test_rows": 1409
}